sender,receiver,date,subject,body
Google <no-reply@accounts.google.com>,chenalen531@gmail.com,"Thu, 30 May 2024 16:24:24 GMT",安全性快訊,
Google <no-reply@accounts.google.com>,chenalen531@gmail.com,"Thu, 30 May 2024 16:24:24 GMT",安全性快訊,"[image: Google]
用於登入帳戶的應用程式密碼已產生


chenalen531@gmail.com
假如您並未替「gmail_get」產生這個密碼，表示可能有人盜用了您的帳戶。請立即檢 
查帳戶並採取必要保護措施。
查看活動
<https://accounts.google.com/AccountChooser?Email=chenalen531@gmail.com&continue=https://myaccount.google.com/alert/nt/1717086264139?rfn%3D20%26rfnc%3D1%26eid%3D8681828319793362284%26et%3D0>
您也可以前往以下網址查看帳戶安全相關活動：
https://myaccount.google.com/notifications
您的 Google 帳戶和服務有重大異動，系統特此發送這封電子郵件通知您。
© 2024 Google LLC, 1600 Amphitheatre Parkway, Mountain View, CA 94043, USA
"
Google <no-reply@accounts.google.com>,chenalen531@gmail.com,"Thu, 30 May 2024 16:24:24 GMT",安全性快訊,"用於登入帳戶的應用程式密碼已產生 chenalen531@gmail.com 假如您並未替「gmail_get」產生這個密碼，表示可能有人盜用了您的帳戶。請立即檢查帳戶並採取必要保護措施。查看活動您也可以前往以下網址查看帳戶安全相關活動：https://myaccount.google.com/notifications您的 Google 帳戶和服務有重大異動，系統特此發送這封電子郵件通知您。© 2024 Google LLC, 1600 Amphitheatre Parkway, Mountain View, CA 94043, USA"
